<?xml version="1.0" encoding="US-ASCII"?>
<l:l10n xmlns:l="http://docbook.sourceforge.net/xmlns/l10n/1.0" language="sk" english-language-name="Slovak">

<!-- This file is generated automatically. -->
<!-- Do not edit this file by hand! -->
<!-- See http://docbook.sourceforge.net/ -->
<!-- To update this file: edit the corresponding document at -->
<!-- http://cvs.sourceforge.net/cgi-bin/viewcvs.cgi/docbook/gentext/locale/ -->

   <l:gentext key="Abstract" text="Abstrakt"/>
   <l:gentext key="abstract" text="Abstrakt"/>
   <l:gentext key="Answer" text="A:"/>
   <l:gentext key="answer" text="A:"/>
   <l:gentext key="Appendix" text="Dodatok"/>
   <l:gentext key="appendix" text="dodatok"/>
   <l:gentext key="Article" text="&#268;l&#225;nok"/>
   <l:gentext key="article" text="&#268;l&#225;nok"/>
   <l:gentext key="Bibliography" text="Bibliografia"/>
   <l:gentext key="bibliography" text="Bibliografia"/>
   <l:gentext key="Book" text="Kniha"/>
   <l:gentext key="book" text="Kniha"/>
   <l:gentext key="CAUTION" text="V&#221;STRAHA"/>
   <l:gentext key="Caution" text="V&#253;straha"/>
   <l:gentext key="caution" text="V&#253;straha"/>
   <l:gentext key="Chapter" text="Kapitola"/>
   <l:gentext key="chapter" text="kapitola"/>
   <l:gentext key="Colophon" text="Tir&#225;&#382;"/>
   <l:gentext key="colophon" text="Tir&#225;&#382;"/>
   <l:gentext key="Copyright" text="Copyright"/>
   <l:gentext key="copyright" text="Copyright"/>
   <l:gentext key="Dedication" text="Venovanie"/>
   <l:gentext key="dedication" text="Venovanie"/>
   <l:gentext key="Edition" text="Vydanie"/>
   <l:gentext key="edition" text="Vydanie"/>
   <l:gentext key="Equation" text="Rovnica"/>
   <l:gentext key="equation" text="Rovnica"/>
   <l:gentext key="Example" text="Pr&#237;klad"/>
   <l:gentext key="example" text="Pr&#237;klad"/>
   <l:gentext key="Figure" text="Obr&#225;zok"/>
   <l:gentext key="figure" text="Obr&#225;zok"/>
   <l:gentext key="Glossary" text="Slovn&#237;k"/>
   <l:gentext key="glossary" text="Slovn&#237;k"/>
   <l:gentext key="GlossSee" text="Pozri"/>
   <l:gentext key="glosssee" text="Pozri"/>
   <l:gentext key="GlossSeeAlso" text="Pozri tie&#382;"/>
   <l:gentext key="glossseealso" text="Pozri tie&#382;"/>
   <l:gentext key="IMPORTANT" text="D&#212;LE&#381;IT&#201;"/>
   <l:gentext key="important" text="D&#244;le&#382;it&#233;"/>
   <l:gentext key="Important" text="D&#244;le&#382;it&#233;"/>
   <l:gentext key="Index" text="Zoznam"/>
   <l:gentext key="index" text="Zoznam"/>
   <l:gentext key="ISBN" text="ISBN"/>
   <l:gentext key="isbn" text="ISBN"/>
   <l:gentext key="LegalNotice" text="Pr&#225;vna pozn&#225;mka"/>
   <l:gentext key="legalnotice" text="Pr&#225;vna pozn&#225;mka"/>
   <l:gentext key="MsgAud" text="Publikum"/>
   <l:gentext key="msgaud" text="Publikum"/>
   <l:gentext key="MsgLevel" text="&#218;rove&#328;"/>
   <l:gentext key="msglevel" text="&#218;rove&#328;"/>
   <l:gentext key="MsgOrig" text="P&#244;vod"/>
   <l:gentext key="msgorig" text="P&#244;vod"/>
   <l:gentext key="NOTE" text="POZN&#193;MKA"/>
   <l:gentext key="Note" text="Pozn&#225;mka"/>
   <l:gentext key="note" text="Pozn&#225;mka"/>
   <l:gentext key="Part" text="&#268;as&#357;"/>
   <l:gentext key="part" text="&#268;as&#357;"/>
   <l:gentext key="Preface" text="&#218;vod"/>
   <l:gentext key="preface" text="&#218;vod"/>
   <l:gentext key="Procedure" text="Postup"/>
   <l:gentext key="procedure" text="Postup"/>
   <l:gentext key="ProductionSet" text="Produkcia"/>
   <l:gentext key="PubDate" text="Publication Date" lang="en"/>
   <l:gentext key="pubdate" text="Publication date" lang="en"/>
   <l:gentext key="Published" text="Vydan&#233;"/>
   <l:gentext key="published" text="Vydan&#233;"/>
   <l:gentext key="Qandadiv" text="Q &amp; A" lang="en"/>
   <l:gentext key="qandadiv" text="Q &amp; A" lang="en"/>
   <l:gentext key="Question" text="Q:"/>
   <l:gentext key="question" text="Q:"/>
   <l:gentext key="RefEntry" text=""/>
   <l:gentext key="refentry" text=""/>
   <l:gentext key="Reference" text="Odkaz"/>
   <l:gentext key="reference" text="Odkaz"/>
   <l:gentext key="RefName" text="Meno"/>
   <l:gentext key="refname" text="Meno"/>
   <l:gentext key="RefSection" text=""/>
   <l:gentext key="refsection" text=""/>
   <l:gentext key="RefSynopsisDiv" text="Preh&#318;ad"/>
   <l:gentext key="refsynopsisdiv" text="Preh&#318;ad"/>
   <l:gentext key="RevHistory" text="Preh&#318;ad rev&#237;zi&#237;"/>
   <l:gentext key="revhistory" text="Preh&#318;ad rev&#237;zi&#237;"/>
   <l:gentext key="revision" text="Rev&#237;zia"/>
   <l:gentext key="Revision" text="Rev&#237;zia"/>
   <l:gentext key="sect1" text="Oddiel"/>
   <l:gentext key="sect2" text="Oddiel"/>
   <l:gentext key="sect3" text="Oddiel"/>
   <l:gentext key="sect4" text="Oddiel"/>
   <l:gentext key="sect5" text="Oddiel"/>
   <l:gentext key="section" text="oddiel"/>
   <l:gentext key="Section" text="Oddiel"/>
   <l:gentext key="see" text="Pozri"/>
   <l:gentext key="See" text="Pozri"/>
   <l:gentext key="seealso" text="Pozri tie&#382;"/>
   <l:gentext key="Seealso" text="Pozri tie&#382;"/>
   <l:gentext key="SeeAlso" text="Pozri tie&#382;"/>
   <l:gentext key="set" text="Nastavi&#357;"/>
   <l:gentext key="Set" text="Nastavi&#357;"/>
   <l:gentext key="setindex" text="nastavi&#357; index"/>
   <l:gentext key="SetIndex" text="Nastavi&#357; index"/>
   <l:gentext key="Sidebar" text="Margin&#225;lia"/>
   <l:gentext key="sidebar" text="margin&#225;lia"/>
   <l:gentext key="step" text="krok"/>
   <l:gentext key="Step" text="Krok"/>
   <l:gentext key="Table" text="Tabu&#318;ka"/>
   <l:gentext key="table" text="Tabu&#318;ka"/>
   <l:gentext key="tip" text="Tip"/>
   <l:gentext key="TIP" text="TIP"/>
   <l:gentext key="Tip" text="Tip"/>
   <l:gentext key="Warning" text="Varovanie"/>
   <l:gentext key="warning" text="Varovanie"/>
   <l:gentext key="WARNING" text="VAROVANIE"/>
   <l:gentext key="and" text="a"/>
   <l:gentext key="by" text="by"/>
   <l:gentext key="called" text="called" lang="en"/>
   <l:gentext key="Edited" text="Vydan&#233;"/>
   <l:gentext key="edited" text="Vydan&#233;"/>
   <l:gentext key="Editedby" text="Zostavil: "/>
   <l:gentext key="editedby" text="Zostavil: "/>
   <l:gentext key="in" text="v"/>
   <l:gentext key="lastlistcomma" text=","/>
   <l:gentext key="listcomma" text=","/>
   <l:gentext key="nonexistantelement" text="neexistuj&#250;ci prvok"/>
   <l:gentext key="notes" text="Pozn&#225;mky"/>
   <l:gentext key="Notes" text="Pozn&#225;mky"/>
   <l:gentext key="Pgs" text="Str."/>
   <l:gentext key="pgs" text="Str."/>
   <l:gentext key="Revisedby" text="Revidoval: "/>
   <l:gentext key="revisedby" text="Revidoval: "/>
   <l:gentext key="TableNotes" text="Pozn&#225;mky"/>
   <l:gentext key="tablenotes" text="Pozn&#225;mky"/>
   <l:gentext key="TableofContents" text="Obsah"/>
   <l:gentext key="tableofcontents" text="Obsah"/>
   <l:gentext key="the" text="" lang="en"/>
   <l:gentext key="unexpectedelementname" text="Neo&#269;ak&#225;van&#233; meno prvku"/>
   <l:gentext key="unsupported" text="nepodporovan&#253;"/>
   <l:gentext key="xrefto" text="xref k"/>
   <l:gentext key="listofequations" text="Zoznam rovn&#237;c"/>
   <l:gentext key="ListofEquations" text="Zoznam rovn&#237;c"/>
   <l:gentext key="ListofExamples" text="Zoznam pr&#237;kladov"/>
   <l:gentext key="listofexamples" text="Zoznam pr&#237;kladov"/>
   <l:gentext key="ListofFigures" text="Zoznam obr&#225;zkov"/>
   <l:gentext key="listoffigures" text="Zoznam obr&#225;zkov"/>
   <l:gentext key="ListofProcedures" text="List of Procedures" lang="en"/>
   <l:gentext key="listofprocedures" text="List of Procedures" lang="en"/>
   <l:gentext key="listoftables" text="Zoznam tabuliek"/>
   <l:gentext key="ListofTables" text="Zoznam tabuliek"/>
   <l:gentext key="ListofUnknown" text="Zoznam nezn&#225;meho"/>
   <l:gentext key="listofunknown" text="Zoznam nezn&#225;meho"/>
   <l:gentext key="nav-home" text="Domov"/>
   <l:gentext key="nav-next" text="Nasleduj&#250;ci"/>
   <l:gentext key="nav-next-sibling" text="R&#253;chlo dopredu"/>
   <l:gentext key="nav-prev" text="Predch&#225;dzaj&#250;ci"/>
   <l:gentext key="nav-prev-sibling" text="R&#253;chlo nazp&#228;t"/>
   <l:gentext key="nav-up" text="Hore"/>
   <l:gentext key="nav-toc" text="ToC" lang="en"/>
   <l:gentext key="Draft" text="Koncept"/>
   <l:gentext key="above" text="nad"/>
   <l:gentext key="below" text="pod"/>
   <l:gentext key="sectioncalled" text="oddiel nazvan&#253;"/>
   <l:gentext key="index symbols" text="Symboly"/>
   <l:gentext key="lowercase.alpha" text="a&#225;&#228;bc&#269;d&#271;e&#233;fghi&#237;jkl&#314;&#318;mn&#328;o&#243;&#244;pqr&#341;s&#353;t&#357;u&#250;vwxy&#253;z&#382;"/>
   <l:gentext key="uppercase.alpha" text="A&#193;&#196;BC&#268;D&#270;E&#201;FGHI&#205;JKL&#313;&#317;MN&#327;O&#211;&#212;PQR&#340;S&#352;T&#356;U&#218;VWXY&#221;Z&#381;"/>
   <l:dingbat key="startquote" text="&#8220;"/>
   <l:dingbat key="endquote" text="&#8221;"/>
   <l:dingbat key="nestedstartquote" text="&#8216;"/>
   <l:dingbat key="nestedendquote" text="&#8217;"/>
   <l:dingbat key="singlestartquote" text="&#8216;" lang="en"/>
   <l:dingbat key="singleendquote" text="&#8217;" lang="en"/>
   <l:dingbat key="bullet" text="&#8226;"/>
   <l:gentext key="hyphenation-character" text="-" lang="en"/>
   <l:gentext key="hyphenation-push-character-count" text="2" lang="en"/>
   <l:gentext key="hyphenation-remain-character-count" text="2" lang="en"/>

   <l:context name="styles">
      <l:template name="person-name" text="first-last"/>
   </l:context>

   <l:context name="title">
      <l:template name="abstract" text="%t"/>
      <l:template name="answer" text="%t"/>
      <l:template name="appendix" text="Dodatok %n. %t"/>
      <l:template name="article" text="%t"/>
      <l:template name="authorblurb" text="%t"/>
      <l:template name="bibliodiv" text="%t"/>
      <l:template name="biblioentry" text="%t"/>
      <l:template name="bibliography" text="%t"/>
      <l:template name="bibliomixed" text="%t"/>
      <l:template name="bibliomset" text="%t"/>
      <l:template name="biblioset" text="%t"/>
      <l:template name="blockquote" text="%t"/>
      <l:template name="book" text="%t"/>
      <l:template name="calloutlist" text="%t"/>
      <l:template name="caution" text="%t"/>
      <l:template name="chapter" text="Kapitola %n. %t"/>
      <l:template name="colophon" text="%t"/>
      <l:template name="dedication" text="%t"/>
      <l:template name="equation" text="Rovnica %n. %t"/>
      <l:template name="example" text="Pr&#237;klad %n. %t"/>
      <l:template name="figure" text="Obr&#225;zok %n. %t"/>
      <l:template name="formalpara" text="%t"/>
      <l:template name="glossary" text="%t"/>
      <l:template name="glossdiv" text="%t"/>
      <l:template name="glossentry" text="%t" lang="en"/>
      <l:template name="important" text="%t"/>
      <l:template name="index" text="%t"/>
      <l:template name="indexdiv" text="%t"/>
      <l:template name="itemizedlist" text="%t"/>
      <l:template name="legalnotice" text="%t"/>
      <l:template name="listitem" text=""/>
      <l:template name="lot" text="%t"/>
      <l:template name="msg" text="%t"/>
      <l:template name="msgexplan" text="%t"/>
      <l:template name="msgmain" text="%t"/>
      <l:template name="msgrel" text="%t"/>
      <l:template name="msgset" text="%t"/>
      <l:template name="msgsub" text="%t"/>
      <l:template name="note" text="%t"/>
      <l:template name="orderedlist" text="%t"/>
      <l:template name="part" text="&#268;as&#357; %n. %t"/>
      <l:template name="partintro" text="%t"/>
      <l:template name="preface" text="%t"/>
      <l:template name="procedure" text="%t"/>
      <l:template name="procedure.formal" text="Postup&#160;%n.&#160;%t"/>
      <l:template name="productionset" text="%t"/>
      <l:template name="productionset.formal" text="Produkcia&#160;%n"/>
      <l:template name="qandadiv" text="%t"/>
      <l:template name="qandaentry" text="%t"/>
      <l:template name="qandaset" text="%t"/>
      <l:template name="question" text="%t"/>
      <l:template name="refentry" text="%t"/>
      <l:template name="reference" text="%t"/>
      <l:template name="refsection" text="%t"/>
      <l:template name="refsect1" text="%t"/>
      <l:template name="refsect2" text="%t"/>
      <l:template name="refsect3" text="%t"/>
      <l:template name="refsynopsisdiv" text="%t"/>
      <l:template name="refsynopsisdivinfo" text="%t"/>
      <l:template name="segmentedlist" text="%t"/>
      <l:template name="set" text="%t"/>
      <l:template name="setindex" text="%t"/>
      <l:template name="sidebar" text="%t"/>
      <l:template name="step" text="%t"/>
      <l:template name="table" text="Tabu&#318;ka %n. %t"/>
      <l:template name="task" text="%t" lang="en"/>
      <l:template name="tip" text="%t"/>
      <l:template name="toc" text="%t"/>
      <l:template name="variablelist" text="%t"/>
      <l:template name="varlistentry" text="" lang="en"/>
      <l:template name="warning" text="%t"/>
   </l:context>

   <l:context name="title-unnumbered">
      <l:template name="appendix" text="%t"/>
      <l:template name="article/appendix" text="%t" lang="en"/>
      <l:template name="bridgehead" text="%t"/>
      <l:template name="chapter" text="%t"/>
      <l:template name="sect1" text="%t"/>
      <l:template name="sect2" text="%t"/>
      <l:template name="sect3" text="%t"/>
      <l:template name="sect4" text="%t"/>
      <l:template name="sect5" text="%t"/>
      <l:template name="section" text="%t"/>
      <l:template name="simplesect" text="%t"/>
   </l:context>

   <l:context name="title-numbered">
      <l:template name="appendix" text="Dodatok %n. %t"/>
      <l:template name="article/appendix" text="%n.&#160;%t" lang="en"/>
      <l:template name="bridgehead" text="%t"/>
      <l:template name="chapter" text="Kapitola %n. %t"/>
      <l:template name="sect1" text="%n. %t"/>
      <l:template name="sect2" text="%n. %t"/>
      <l:template name="sect3" text="%n. %t"/>
      <l:template name="sect4" text="%n. %t"/>
      <l:template name="sect5" text="%n. %t"/>
      <l:template name="section" text="%n. %t"/>
      <l:template name="simplesect" text="%n. %t"/>
   </l:context>

   <l:context name="subtitle">
      <l:template name="appendix" text="%s"/>
      <l:template name="article" text="%s"/>
      <l:template name="bibliodiv" text="%s"/>
      <l:template name="biblioentry" text="%s"/>
      <l:template name="bibliography" text="%s"/>
      <l:template name="bibliomixed" text="%s"/>
      <l:template name="bibliomset" text="%s"/>
      <l:template name="biblioset" text="%s"/>
      <l:template name="book" text="%s"/>
      <l:template name="chapter" text="%s"/>
      <l:template name="colophon" text="%s"/>
      <l:template name="dedication" text="%s"/>
      <l:template name="glossary" text="%s"/>
      <l:template name="glossdiv" text="%s"/>
      <l:template name="index" text="%s"/>
      <l:template name="indexdiv" text="%s"/>
      <l:template name="lot" text="%s"/>
      <l:template name="part" text="%s"/>
      <l:template name="partintro" text="%s"/>
      <l:template name="preface" text="%s"/>
      <l:template name="refentry" text="%s"/>
      <l:template name="reference" text="%s"/>
      <l:template name="refsection" text="%s"/>
      <l:template name="refsect1" text="%s"/>
      <l:template name="refsect2" text="%s"/>
      <l:template name="refsect3" text="%s"/>
      <l:template name="refsynopsisdiv" text="%s"/>
      <l:template name="sect1" text="%s"/>
      <l:template name="sect2" text="%s"/>
      <l:template name="sect3" text="%s"/>
      <l:template name="sect4" text="%s"/>
      <l:template name="sect5" text="%s"/>
      <l:template name="section" text="%s"/>
      <l:template name="set" text="%s"/>
      <l:template name="setindex" text="%s"/>
      <l:template name="sidebar" text="%s"/>
      <l:template name="simplesect" text="%s"/>
      <l:template name="toc" text="%s"/>
   </l:context>

   <l:context name="xref">
      <l:template name="abstract" text="%t"/>
      <l:template name="answer" text="A:&#160;%n"/>
      <l:template name="appendix" text="%t"/>
      <l:template name="article" text="%t"/>
      <l:template name="authorblurb" text="%t"/>
      <l:template name="bibliodiv" text="%t"/>
      <l:template name="bibliography" text="%t"/>
      <l:template name="bibliomset" text="%t"/>
      <l:template name="biblioset" text="%t"/>
      <l:template name="blockquote" text="%t"/>
      <l:template name="book" text="%t"/>
      <l:template name="calloutlist" text="%t"/>
      <l:template name="caution" text="%t"/>
      <l:template name="chapter" text="%t"/>
      <l:template name="colophon" text="%t"/>
      <l:template name="constraintdef" text="%t"/>
      <l:template name="dedication" text="%t"/>
      <l:template name="equation" text="%t"/>
      <l:template name="example" text="%t"/>
      <l:template name="figure" text="%t"/>
      <l:template name="formalpara" text="%t"/>
      <l:template name="glossary" text="%t"/>
      <l:template name="glossdiv" text="%t"/>
      <l:template name="important" text="%t"/>
      <l:template name="index" text="%t"/>
      <l:template name="indexdiv" text="%t"/>
      <l:template name="itemizedlist" text="%t"/>
      <l:template name="legalnotice" text="%t"/>
      <l:template name="listitem" text="%n"/>
      <l:template name="lot" text="%t"/>
      <l:template name="msg" text="%t"/>
      <l:template name="msgexplan" text="%t"/>
      <l:template name="msgmain" text="%t"/>
      <l:template name="msgrel" text="%t"/>
      <l:template name="msgset" text="%t"/>
      <l:template name="msgsub" text="%t"/>
      <l:template name="note" text="%t"/>
      <l:template name="orderedlist" text="%t"/>
      <l:template name="part" text="%t"/>
      <l:template name="partintro" text="%t"/>
      <l:template name="preface" text="%t"/>
      <l:template name="procedure" text="%t"/>
      <l:template name="productionset" text="%t"/>
      <l:template name="qandadiv" text="%t"/>
      <l:template name="qandaentry" text="Q:&#160;%n"/>
      <l:template name="qandaset" text="%t"/>
      <l:template name="question" text="Q:&#160;%n"/>
      <l:template name="reference" text="%t"/>
      <l:template name="refsynopsisdiv" text="%t"/>
      <l:template name="segmentedlist" text="%t"/>
      <l:template name="set" text="%t"/>
      <l:template name="setindex" text="%t"/>
      <l:template name="sidebar" text="%t"/>
      <l:template name="table" text="%t"/>
      <l:template name="tip" text="%t"/>
      <l:template name="toc" text="%t"/>
      <l:template name="variablelist" text="%t"/>
      <l:template name="varlistentry" text="%n"/>
      <l:template name="warning" text="%t"/>
      <l:template name="page.citation" text=" [%p]"/>
      <l:template name="page" text="(page %p)" lang="en"/>
      <l:template name="pageabbrev" text="(p. %p)" lang="en"/>
      <l:template name="Page" text="Page %p" lang="en"/>
      <l:template name="bridgehead" text="&#8220;%t&#8221;"/>
      <l:template name="refsection" text="&#8220;%t&#8221;"/>
      <l:template name="refsect1" text="&#8220;%t&#8221;"/>
      <l:template name="refsect2" text="&#8220;%t&#8221;"/>
      <l:template name="refsect3" text="&#8220;%t&#8221;"/>
      <l:template name="sect1" text="&#8220;%t&#8221;"/>
      <l:template name="sect2" text="&#8220;%t&#8221;"/>
      <l:template name="sect3" text="&#8220;%t&#8221;"/>
      <l:template name="sect4" text="&#8220;%t&#8221;"/>
      <l:template name="sect5" text="&#8220;%t&#8221;"/>
      <l:template name="section" text="&#8220;%t&#8221;"/>
      <l:template name="simplesect" text="&#8220;%t&#8221;"/>
   </l:context>

   <l:context name="xref-number">
      <l:template name="answer" text="A:&#160;%n"/>
      <l:template name="appendix" text="Dodatok&#160;%n"/>
      <l:template name="bridgehead" text="Oddiel&#160;%n"/>
      <l:template name="chapter" text="Kapitola&#160;%n"/>
      <l:template name="equation" text="Rovnica&#160;%n"/>
      <l:template name="example" text="Pr&#237;klad&#160;%n"/>
      <l:template name="figure" text="Obr&#225;zok&#160;%n"/>
      <l:template name="part" text="&#268;as&#357;&#160;%n"/>
      <l:template name="procedure" text="Postup&#160;%n"/>
      <l:template name="productionset" text="Produkcia&#160;%n"/>
      <l:template name="qandadiv" text="Q &amp; A&#160;%n"/>
      <l:template name="qandaentry" text="Q:&#160;%n"/>
      <l:template name="question" text="Q:&#160;%n"/>
      <l:template name="sect1" text="Oddiel&#160;%n"/>
      <l:template name="sect2" text="Oddiel&#160;%n"/>
      <l:template name="sect3" text="Oddiel&#160;%n"/>
      <l:template name="sect4" text="Oddiel&#160;%n"/>
      <l:template name="sect5" text="Oddiel&#160;%n"/>
      <l:template name="section" text="Oddiel&#160;%n"/>
      <l:template name="table" text="Tabu&#318;ka&#160;%n"/>
   </l:context>

   <l:context name="xref-number-and-title">
      <l:template name="appendix" text="Dodatok&#160;%n, %t"/>
      <l:template name="bridgehead" text="Oddiel&#160;%n, &#8220;%t&#8221;"/>
      <l:template name="chapter" text="Kapitola&#160;%n, %t"/>
      <l:template name="equation" text="Rovnica&#160;%n, &#8220;%t&#8221;"/>
      <l:template name="example" text="Pr&#237;klad&#160;%n, &#8220;%t&#8221;"/>
      <l:template name="figure" text="Obr&#225;zok&#160;%n, &#8220;%t&#8221;"/>
      <l:template name="part" text="&#268;as&#357;&#160;%n, &#8220;%t&#8221;"/>
      <l:template name="procedure" text="Postup&#160;%n, &#8220;%t&#8221;"/>
      <l:template name="productionset" text="Produkcia&#160;%n, &#8220;%t&#8221;"/>
      <l:template name="qandadiv" text="Q &amp; A&#160;%n, &#8220;%t&#8221;"/>
      <l:template name="refsect1" text="oddiel nazvan&#253; &#8220;%t&#8221;"/>
      <l:template name="refsect2" text="oddiel nazvan&#253; &#8220;%t&#8221;"/>
      <l:template name="refsect3" text="oddiel nazvan&#253; &#8220;%t&#8221;"/>
      <l:template name="refsection" text="oddiel nazvan&#253; &#8220;%t&#8221;"/>
      <l:template name="sect1" text="Oddiel&#160;%n, &#8220;%t&#8221;"/>
      <l:template name="sect2" text="Oddiel&#160;%n, &#8220;%t&#8221;"/>
      <l:template name="sect3" text="Oddiel&#160;%n, &#8220;%t&#8221;"/>
      <l:template name="sect4" text="Oddiel&#160;%n, &#8220;%t&#8221;"/>
      <l:template name="sect5" text="Oddiel&#160;%n, &#8220;%t&#8221;"/>
      <l:template name="section" text="Oddiel&#160;%n, &#8220;%t&#8221;"/>
      <l:template name="simplesect" text="oddiel nazvan&#253; &#8220;%t&#8221;"/>
      <l:template name="table" text="Tabu&#318;ka&#160;%n, &#8220;%t&#8221;"/>
   </l:context>

   <l:context name="authorgroup">
      <l:template name="sep" text=", "/>
      <l:template name="sep2" text=" a "/>
      <l:template name="seplast" text=", a "/>
   </l:context>

   <l:context name="glossary">
      <l:template name="see" text="Pozri "/>
      <l:template name="seealso" text="Pozri tie&#382; "/>
   </l:context>

   <l:context name="msgset">
      <l:template name="MsgAud" text="Publikum: "/>
      <l:template name="MsgLevel" text="&#218;rove&#328;: "/>
      <l:template name="MsgOrig" text="P&#244;vod: "/>
   </l:context>

   <l:context name="datetime">
      <l:template name="format" text="d.&#160;B Y"/>
   </l:context>

   <l:context name="datetime-full">
      <l:template name="January" text="janu&#225;ra"/>
      <l:template name="February" text="febru&#225;ra"/>
      <l:template name="March" text="marca"/>
      <l:template name="April" text="apr&#237;la"/>
      <l:template name="May" text="m&#225;ja"/>
      <l:template name="June" text="j&#250;na"/>
      <l:template name="July" text="j&#250;la"/>
      <l:template name="August" text="augusta"/>
      <l:template name="September" text="septembra"/>
      <l:template name="October" text="okt&#243;bra"/>
      <l:template name="November" text="novembra"/>
      <l:template name="December" text="decembra"/>
      <l:template name="Monday" text="pondelok"/>
      <l:template name="Tuesday" text="utorok"/>
      <l:template name="Wednesday" text="streda"/>
      <l:template name="Thursday" text="&#353;tvrtok"/>
      <l:template name="Friday" text="piatok"/>
      <l:template name="Saturday" text="sobota"/>
      <l:template name="Sunday" text="nede&#318;a"/>
   </l:context>

   <l:context name="datetime-abbrev">
      <l:template name="Jan" text="jan"/>
      <l:template name="Feb" text="feb"/>
      <l:template name="Mar" text="mar"/>
      <l:template name="Apr" text="apr"/>
      <l:template name="May" text="m&#225;j"/>
      <l:template name="Jun" text="j&#250;n"/>
      <l:template name="Jul" text="j&#250;l"/>
      <l:template name="Aug" text="aug"/>
      <l:template name="Sep" text="sep"/>
      <l:template name="Oct" text="okt"/>
      <l:template name="Nov" text="nov"/>
      <l:template name="Dec" text="dec"/>
      <l:template name="Mon" text="po"/>
      <l:template name="Tue" text="ut"/>
      <l:template name="Wed" text="st"/>
      <l:template name="Thu" text="&#353;t"/>
      <l:template name="Fri" text="pi"/>
      <l:template name="Sat" text="so"/>
      <l:template name="Sun" text="ne"/>
   </l:context>

   <l:context name="htmlhelp">
      <l:template name="langcode" text="0x041b Slovak"/>
   </l:context>
</l:l10n>
