<?xml version="1.0" encoding="US-ASCII"?>
<l:l10n xmlns:l="http://docbook.sourceforge.net/xmlns/l10n/1.0" language="sr" english-language-name="Serbian in Cyrillic script">

<!-- This file is generated automatically. -->
<!-- Do not edit this file by hand! -->
<!-- See http://docbook.sourceforge.net/ -->
<!-- To update this file: edit the corresponding document at -->
<!-- http://cvs.sourceforge.net/cgi-bin/viewcvs.cgi/docbook/gentext/locale/ -->

   <l:gentext key="Abstract" text="&#1055;&#1088;&#1077;&#1075;&#1083;&#1077;&#1076;"/>
   <l:gentext key="abstract" text="&#1087;&#1088;&#1077;&#1075;&#1083;&#1077;&#1076;"/>
   <l:gentext key="Answer" text="&#1054;:"/>
   <l:gentext key="answer" text="&#1086;:"/>
   <l:gentext key="Appendix" text="&#1044;&#1086;&#1076;&#1072;&#1090;&#1072;&#1082;"/>
   <l:gentext key="appendix" text="&#1076;&#1086;&#1076;&#1072;&#1090;&#1072;&#1082;"/>
   <l:gentext key="Article" text="&#1063;&#1083;&#1072;&#1085;&#1072;&#1082;"/>
   <l:gentext key="article" text="&#1095;&#1083;&#1072;&#1085;&#1072;&#1082;"/>
   <l:gentext key="Bibliography" text="&#1051;&#1080;&#1090;&#1077;&#1088;&#1072;&#1090;&#1091;&#1088;&#1072;"/>
   <l:gentext key="bibliography" text="&#1083;&#1080;&#1090;&#1077;&#1088;&#1072;&#1090;&#1091;&#1088;&#1072;"/>
   <l:gentext key="Book" text="&#1050;&#1114;&#1080;&#1075;&#1072;"/>
   <l:gentext key="book" text="&#1082;&#1114;&#1080;&#1075;&#1072;"/>
   <l:gentext key="CAUTION" text="&#1059;&#1055;&#1054;&#1047;&#1054;&#1056;&#1045;&#1034;&#1045;"/>
   <l:gentext key="Caution" text="&#1059;&#1087;&#1086;&#1079;&#1086;&#1088;&#1077;&#1114;&#1077;"/>
   <l:gentext key="caution" text="&#1091;&#1087;&#1086;&#1079;&#1086;&#1088;&#1077;&#1114;&#1077;"/>
   <l:gentext key="Chapter" text="&#1055;&#1086;&#1075;&#1083;&#1072;&#1074;&#1113;&#1077;"/>
   <l:gentext key="chapter" text="&#1087;&#1086;&#1075;&#1083;&#1072;&#1074;&#1113;&#1077;"/>
   <l:gentext key="Colophon" text="Colophon" lang="en"/>
   <l:gentext key="colophon" text="Colophon" lang="en"/>
   <l:gentext key="Copyright" text="Copyright" lang="en"/>
   <l:gentext key="copyright" text="Copyright" lang="en"/>
   <l:gentext key="Dedication" text="&#1055;&#1086;&#1089;&#1074;&#1077;&#1090;&#1072;"/>
   <l:gentext key="dedication" text="&#1087;&#1086;&#1089;&#1074;&#1077;&#1090;&#1072;"/>
   <l:gentext key="Edition" text="&#1048;&#1079;&#1076;&#1072;&#1114;&#1077;"/>
   <l:gentext key="edition" text="&#1080;&#1079;&#1076;&#1072;&#1114;&#1077;"/>
   <l:gentext key="Equation" text="&#1032;&#1077;&#1076;&#1085;&#1072;&#1095;&#1080;&#1085;&#1072;"/>
   <l:gentext key="equation" text="&#1112;&#1077;&#1076;&#1085;&#1072;&#1095;&#1080;&#1085;&#1072;"/>
   <l:gentext key="Example" text="&#1055;&#1088;&#1080;&#1084;&#1077;&#1088;"/>
   <l:gentext key="example" text="&#1087;&#1088;&#1080;&#1084;&#1077;&#1088;"/>
   <l:gentext key="Figure" text="&#1060;&#1080;&#1075;&#1091;&#1088;&#1072;"/>
   <l:gentext key="figure" text="&#1092;&#1080;&#1075;&#1091;&#1088;&#1072;"/>
   <l:gentext key="Glossary" text="&#1056;&#1077;&#1095;&#1085;&#1080;&#1082;"/>
   <l:gentext key="glossary" text="&#1088;&#1077;&#1095;&#1085;&#1080;&#1082;"/>
   <l:gentext key="GlossSee" text="&#1042;&#1080;&#1076;&#1080;"/>
   <l:gentext key="glosssee" text="&#1074;&#1080;&#1076;&#1080;"/>
   <l:gentext key="GlossSeeAlso" text="&#1042;&#1080;&#1076;&#1080;  &#1090;&#1072;&#1082;&#1086;&#1106;&#1077;"/>
   <l:gentext key="glossseealso" text="&#1074;&#1080;&#1076;&#1080;  &#1090;&#1072;&#1082;&#1086;&#1106;&#1077;"/>
   <l:gentext key="IMPORTANT" text="&#1042;&#1040;&#1046;&#1053;&#1054;"/>
   <l:gentext key="important" text="&#1074;&#1072;&#1078;&#1085;&#1086;"/>
   <l:gentext key="Important" text="&#1042;&#1072;&#1078;&#1085;&#1086;"/>
   <l:gentext key="Index" text="&#1048;&#1085;&#1076;&#1077;&#1082;&#1089;"/>
   <l:gentext key="index" text="&#1080;&#1085;&#1076;&#1077;&#1082;&#1089;"/>
   <l:gentext key="ISBN" text="ISBN"/>
   <l:gentext key="isbn" text="ISBN"/>
   <l:gentext key="LegalNotice" text="Legal Notice" lang="en"/>
   <l:gentext key="legalnotice" text="Legal Notice" lang="en"/>
   <l:gentext key="MsgAud" text="&#1055;&#1091;&#1073;&#1083;&#1080;&#1082;&#1072;"/>
   <l:gentext key="msgaud" text="&#1087;&#1091;&#1073;&#1083;&#1080;&#1082;&#1072;"/>
   <l:gentext key="MsgLevel" text="&#1053;&#1080;&#1074;&#1086;"/>
   <l:gentext key="msglevel" text="&#1085;&#1080;&#1074;&#1086;"/>
   <l:gentext key="MsgOrig" text="&#1048;&#1079;&#1074;&#1086;&#1088;"/>
   <l:gentext key="msgorig" text="&#1080;&#1079;&#1074;&#1086;&#1088;"/>
   <l:gentext key="NOTE" text="&#1055;&#1056;&#1048;&#1052;&#1045;&#1044;&#1041;&#1040;"/>
   <l:gentext key="Note" text="&#1055;&#1088;&#1080;&#1084;&#1077;&#1076;&#1073;&#1072;"/>
   <l:gentext key="note" text="&#1087;&#1088;&#1080;&#1084;&#1077;&#1076;&#1073;&#1072;"/>
   <l:gentext key="Part" text="&#1044;&#1077;&#1086;"/>
   <l:gentext key="part" text="&#1076;&#1077;&#1086;"/>
   <l:gentext key="Preface" text="&#1055;&#1088;&#1077;&#1076;&#1075;&#1086;&#1074;&#1086;&#1088;"/>
   <l:gentext key="preface" text="&#1087;&#1088;&#1077;&#1076;&#1075;&#1086;&#1074;&#1086;&#1088;"/>
   <l:gentext key="Procedure" text="&#1055;&#1088;&#1086;&#1094;&#1077;&#1076;&#1091;&#1088;&#1072;"/>
   <l:gentext key="procedure" text="&#1087;&#1088;&#1086;&#1094;&#1077;&#1076;&#1091;&#1088;&#1072;"/>
   <l:gentext key="ProductionSet" text="Production" lang="en"/>
   <l:gentext key="PubDate" text="&#1044;&#1072;&#1090;&#1091;&#1084;  &#1080;&#1079;&#1076;&#1072;&#1074;&#1072;&#1114;&#1072;"/>
   <l:gentext key="pubdate" text="&#1076;&#1072;&#1090;&#1091;&#1084;  &#1080;&#1079;&#1076;&#1072;&#1074;&#1072;&#1114;&#1072;"/>
   <l:gentext key="Published" text="&#1048;&#1079;&#1076;&#1072;&#1085;&#1086;"/>
   <l:gentext key="published" text="&#1080;&#1079;&#1076;&#1072;&#1085;&#1086;"/>
   <l:gentext key="Qandadiv" text="&#1055; &#1080; &#1054;"/>
   <l:gentext key="qandadiv" text="&#1087; &#1080; &#1086;"/>
   <l:gentext key="Question" text="&#1055;:"/>
   <l:gentext key="question" text="&#1087;:"/>
   <l:gentext key="RefEntry" text=""/>
   <l:gentext key="refentry" text=""/>
   <l:gentext key="Reference" text="&#1056;&#1077;&#1092;&#1077;&#1088;&#1077;&#1085;&#1094;&#1072;"/>
   <l:gentext key="reference" text="&#1088;&#1077;&#1092;&#1077;&#1088;&#1077;&#1085;&#1094;&#1072;"/>
   <l:gentext key="RefName" text="&#1048;&#1084;&#1077;"/>
   <l:gentext key="refname" text="&#1080;&#1084;&#1077;"/>
   <l:gentext key="RefSection" text=""/>
   <l:gentext key="refsection" text=""/>
   <l:gentext key="RefSynopsisDiv" text="&#1050;&#1088;&#1072;&#1090;&#1072;&#1082;  &#1089;&#1072;&#1076;&#1088;&#1078;&#1072;&#1112;"/>
   <l:gentext key="refsynopsisdiv" text="&#1082;&#1088;&#1072;&#1090;&#1072;&#1082;  &#1089;&#1072;&#1076;&#1088;&#1078;&#1072;&#1112;"/>
   <l:gentext key="RevHistory" text="&#1048;&#1089;&#1090;&#1086;&#1088;&#1080;&#1112;&#1072;  &#1088;&#1077;&#1074;&#1080;&#1079;&#1080;&#1112;&#1072;"/>
   <l:gentext key="revhistory" text="&#1080;&#1089;&#1090;&#1086;&#1088;&#1080;&#1112;&#1072;  &#1088;&#1077;&#1074;&#1080;&#1079;&#1080;&#1112;&#1072;"/>
   <l:gentext key="revision" text="&#1088;&#1077;&#1074;&#1080;&#1079;&#1080;&#1112;&#1072;"/>
   <l:gentext key="Revision" text="&#1056;&#1077;&#1074;&#1080;&#1079;&#1080;&#1112;&#1072;"/>
   <l:gentext key="sect1" text="&#1054;&#1076;&#1077;&#1113;&#1072;&#1082;"/>
   <l:gentext key="sect2" text="&#1054;&#1076;&#1077;&#1113;&#1072;&#1082;"/>
   <l:gentext key="sect3" text="&#1054;&#1076;&#1077;&#1113;&#1072;&#1082;"/>
   <l:gentext key="sect4" text="&#1054;&#1076;&#1077;&#1113;&#1072;&#1082;"/>
   <l:gentext key="sect5" text="&#1054;&#1076;&#1077;&#1113;&#1072;&#1082;"/>
   <l:gentext key="section" text="&#1054;&#1076;&#1077;&#1113;&#1072;&#1082;"/>
   <l:gentext key="Section" text="&#1054;&#1076;&#1077;&#1113;&#1072;&#1082;"/>
   <l:gentext key="see" text="&#1074;&#1080;&#1076;&#1080;"/>
   <l:gentext key="See" text="&#1042;&#1080;&#1076;&#1080;"/>
   <l:gentext key="seealso" text="&#1074;&#1080;&#1076;&#1080;  &#1090;&#1072;&#1082;&#1086;&#1106;&#1077;"/>
   <l:gentext key="Seealso" text="&#1042;&#1080;&#1076;&#1080;  &#1090;&#1072;&#1082;&#1086;&#1106;&#1077;"/>
   <l:gentext key="SeeAlso" text="&#1042;&#1080;&#1076;&#1080;  &#1090;&#1072;&#1082;&#1086;&#1106;&#1077;"/>
   <l:gentext key="set" text="&#1089;&#1082;&#1091;&#1087;"/>
   <l:gentext key="Set" text="&#1057;&#1082;&#1091;&#1087;"/>
   <l:gentext key="setindex" text="&#1048;&#1085;&#1076;&#1077;&#1082;&#1089;  &#1089;&#1082;&#1091;&#1087;&#1072;"/>
   <l:gentext key="SetIndex" text="&#1048;&#1085;&#1076;&#1077;&#1082;&#1089;  &#1089;&#1082;&#1091;&#1087;&#1072;"/>
   <l:gentext key="Sidebar" text=""/>
   <l:gentext key="sidebar" text="&#1087;&#1086;&#1074;&#1088;&#1096;  &#1087;&#1086;&#1089;&#1090;&#1088;&#1072;&#1085;&#1094;&#1077;"/>
   <l:gentext key="step" text="&#1082;&#1086;&#1088;&#1072;&#1082;"/>
   <l:gentext key="Step" text="&#1050;&#1086;&#1088;&#1072;&#1082;"/>
   <l:gentext key="Table" text="&#1058;&#1072;&#1073;&#1077;&#1083;&#1072;"/>
   <l:gentext key="table" text="&#1090;&#1072;&#1073;&#1077;&#1083;&#1072;"/>
   <l:gentext key="tip" text="&#1089;&#1072;&#1074;&#1077;&#1090;"/>
   <l:gentext key="TIP" text="&#1057;&#1040;&#1042;&#1045;&#1058;"/>
   <l:gentext key="Tip" text="&#1057;&#1072;&#1074;&#1077;&#1090;"/>
   <l:gentext key="Warning" text="&#1059;&#1087;&#1086;&#1079;&#1086;&#1088;&#1077;&#1114;&#1077;"/>
   <l:gentext key="warning" text="&#1091;&#1087;&#1086;&#1079;&#1086;&#1088;&#1077;&#1114;&#1077;"/>
   <l:gentext key="WARNING" text="&#1059;&#1055;&#1054;&#1047;&#1054;&#1056;&#1045;&#1034;&#1045;"/>
   <l:gentext key="and" text="&#1080;"/>
   <l:gentext key="by" text="&#1086;&#1076;"/>
   <l:gentext key="called" text="&#1087;&#1086;&#1076;  &#1080;&#1084;&#1077;&#1085;&#1086;&#1084;"/>
   <l:gentext key="Edited" text="&#1059;&#1088;&#1077;&#1106;&#1077;&#1085;&#1086;"/>
   <l:gentext key="edited" text="&#1091;&#1088;&#1077;&#1106;&#1077;&#1085;&#1086;"/>
   <l:gentext key="Editedby" text="&#1059;&#1088;&#1077;&#1076;&#1080;&#1086;(&#1083;&#1072;)"/>
   <l:gentext key="editedby" text="&#1059;&#1088;&#1077;&#1076;&#1080;&#1086;(&#1083;&#1072;)"/>
   <l:gentext key="in" text="&#1091;"/>
   <l:gentext key="lastlistcomma" text=","/>
   <l:gentext key="listcomma" text=","/>
   <l:gentext key="nonexistantelement" text="&#1085;&#1077;&#1087;&#1086;&#1089;&#1090;&#1086;&#1112;&#1077;&#1115;&#1080;  &#1077;&#1083;&#1077;&#1084;&#1077;&#1085;&#1090;"/>
   <l:gentext key="notes" text="&#1087;&#1088;&#1080;&#1084;&#1077;&#1076;&#1073;&#1077;"/>
   <l:gentext key="Notes" text="&#1055;&#1088;&#1080;&#1084;&#1077;&#1076;&#1073;&#1077;"/>
   <l:gentext key="Pgs" text="&#1057;&#1090;&#1088;."/>
   <l:gentext key="pgs" text="&#1089;&#1090;&#1088;."/>
   <l:gentext key="Revisedby" text="&#1055;&#1088;&#1077;&#1075;&#1083;&#1077;&#1076;&#1072;&#1086;(&#1083;&#1072;):  "/>
   <l:gentext key="revisedby" text="&#1087;&#1088;&#1077;&#1075;&#1083;&#1077;&#1076;&#1072;&#1086;(&#1083;&#1072;):  "/>
   <l:gentext key="TableNotes" text="&#1055;&#1088;&#1080;&#1084;&#1077;&#1076;&#1073;&#1077;"/>
   <l:gentext key="tablenotes" text="&#1087;&#1088;&#1080;&#1084;&#1077;&#1076;&#1073;&#1077;"/>
   <l:gentext key="TableofContents" text="&#1057;&#1072;&#1076;&#1088;&#1078;&#1072;&#1112;"/>
   <l:gentext key="tableofcontents" text="&#1089;&#1072;&#1076;&#1088;&#1078;&#1072;&#1112;"/>
   <l:gentext key="the" text=""/>
   <l:gentext key="unexpectedelementname" text="&#1085;&#1077;&#1086;&#1095;&#1077;&#1082;&#1080;&#1074;&#1072;&#1085;&#1086;  &#1080;&#1084;&#1077;  &#1077;&#1083;&#1077;&#1084;&#1077;&#1085;&#1090;&#1072;"/>
   <l:gentext key="unsupported" text="&#1085;&#1080;&#1112;&#1077;  &#1087;&#1086;&#1076;&#1088;&#1078;&#1072;&#1085;&#1086;"/>
   <l:gentext key="xrefto" text="&#1091;&#1085;&#1072;&#1082;&#1088;&#1089;&#1085;&#1072;  &#1088;&#1077;&#1092;&#1077;&#1088;&#1077;&#1085;&#1094;&#1072;  &#1085;&#1072;"/>
   <l:gentext key="listofequations" text="&#1083;&#1080;&#1089;&#1090;&#1072;  &#1112;&#1077;&#1076;&#1085;&#1072;&#1095;&#1080;&#1085;&#1072;"/>
   <l:gentext key="ListofEquations" text="&#1051;&#1080;&#1089;&#1090;&#1072;  &#1112;&#1077;&#1076;&#1085;&#1072;&#1095;&#1080;&#1085;&#1072;"/>
   <l:gentext key="ListofExamples" text="&#1051;&#1080;&#1089;&#1090;&#1072;  &#1087;&#1088;&#1080;&#1084;&#1077;&#1088;&#1072;"/>
   <l:gentext key="listofexamples" text="&#1083;&#1080;&#1089;&#1090;&#1072;  &#1087;&#1088;&#1080;&#1084;&#1077;&#1088;&#1072;"/>
   <l:gentext key="ListofFigures" text="&#1051;&#1080;&#1089;&#1090;&#1072;  &#1092;&#1080;&#1075;&#1091;&#1088;&#1072;"/>
   <l:gentext key="listoffigures" text="&#1083;&#1080;&#1089;&#1090;&#1072;  &#1092;&#1080;&#1075;&#1091;&#1088;&#1072;"/>
   <l:gentext key="ListofProcedures" text="&#1051;&#1080;&#1089;&#1090;&#1072;  &#1087;&#1088;&#1086;&#1094;&#1077;&#1076;&#1091;&#1088;&#1072;"/>
   <l:gentext key="listofprocedures" text="&#1083;&#1080;&#1089;&#1090;&#1072;  &#1087;&#1088;&#1086;&#1094;&#1077;&#1076;&#1091;&#1088;&#1072;"/>
   <l:gentext key="listoftables" text="&#1083;&#1080;&#1089;&#1090;&#1072;  &#1090;&#1072;&#1073;&#1077;&#1083;&#1072;"/>
   <l:gentext key="ListofTables" text="&#1051;&#1080;&#1089;&#1090;&#1072;  &#1090;&#1072;&#1073;&#1077;&#1083;&#1072;"/>
   <l:gentext key="ListofUnknown" text="&#1051;&#1080;&#1089;&#1090;&#1072;  &#1085;&#1077;&#1087;&#1086;&#1079;&#1085;&#1072;&#1090;&#1080;&#1093;"/>
   <l:gentext key="listofunknown" text="&#1083;&#1080;&#1089;&#1090;&#1072;  &#1085;&#1077;&#1087;&#1086;&#1079;&#1085;&#1072;&#1090;&#1080;&#1093;"/>
   <l:gentext key="nav-home" text="&#1055;&#1086;&#1095;&#1077;&#1090;&#1072;&#1082;"/>
   <l:gentext key="nav-next" text="&#1057;&#1083;&#1077;&#1076;&#1077;&#1115;&#1077;"/>
   <l:gentext key="nav-next-sibling" text="&#1041;&#1088;&#1079;&#1086;  &#1085;&#1072;&#1087;&#1088;&#1077;&#1076;"/>
   <l:gentext key="nav-prev" text="&#1055;&#1088;&#1077;&#1090;&#1093;&#1086;&#1076;&#1085;&#1086;"/>
   <l:gentext key="nav-prev-sibling" text="&#1041;&#1088;&#1079;&#1086;  &#1085;&#1072;&#1079;&#1072;&#1076;"/>
   <l:gentext key="nav-up" text="&#1042;&#1088;&#1093;"/>
   <l:gentext key="nav-toc" text="&#1057;&#1072;&#1076;&#1088;."/>
   <l:gentext key="Draft" text="&#1053;&#1072;&#1094;&#1088;&#1090;"/>
   <l:gentext key="above" text="&#1080;&#1079;&#1085;&#1072;&#1076;"/>
   <l:gentext key="below" text="&#1080;&#1089;&#1087;&#1086;&#1076;"/>
   <l:gentext key="sectioncalled" text="&#1086;&#1076;&#1077;&#1113;&#1072;&#1082; &#1087;&#1086;&#1076;  &#1080;&#1084;&#1077;&#1085;&#1086;&#1084;"/>
   <l:gentext key="index symbols" text="&#1057;&#1080;&#1084;&#1073;&#1086;&#1083;&#1080;"/>
   <l:gentext key="lowercase.alpha" text="&#1072;&#1073;&#1074;&#1075;&#1076;&#1106;&#1077;&#1078;&#1079;&#1080;&#1112;&#1082;&#1083;&#1113;&#1084;&#1085;&#1114;&#1086;&#1087;&#1088;&#1089;&#1090;&#1115;&#1091;&#1092;&#1093;&#1094;&#1095;&#1119;&#1096;"/>
   <l:gentext key="uppercase.alpha" text="&#1040;&#1041;&#1042;&#1043;&#1044;&#1026;&#1045;&#1046;&#1047;&#1048;&#1032;&#1050;&#1051;&#1033;&#1052;&#1053;&#1034;&#1054;&#1055;&#1056;&#1057;&#1058;&#1035;&#1059;&#1060;&#1061;&#1062;&#1063;&#1039;&#1064;"/>
   <l:dingbat key="startquote" text="&#8222;"/>
   <l:dingbat key="endquote" text="&#8220;"/>
   <l:dingbat key="nestedstartquote" text="&#8216;"/>
   <l:dingbat key="nestedendquote" text="&#8217;"/>
   <l:dingbat key="singlestartquote" text="&#8216;"/>
   <l:dingbat key="singleendquote" text="&#8217;"/>
   <l:dingbat key="bullet" text="&#8226;"/>
   <l:gentext key="hyphenation-character" text="-"/>
   <l:gentext key="hyphenation-push-character-count" text="2"/>
   <l:gentext key="hyphenation-remain-character-count" text="2"/>

   <l:context name="styles">
      <l:template name="person-name" text=""/>
   </l:context>

   <l:context name="title">
      <l:template name="abstract" text=""/>
      <l:template name="answer" text=""/>
      <l:template name="appendix" text=""/>
      <l:template name="article" text=""/>
      <l:template name="authorblurb" text=""/>
      <l:template name="bibliodiv" text=""/>
      <l:template name="biblioentry" text=""/>
      <l:template name="bibliography" text=""/>
      <l:template name="bibliomixed" text=""/>
      <l:template name="bibliomset" text=""/>
      <l:template name="biblioset" text=""/>
      <l:template name="blockquote" text=""/>
      <l:template name="book" text=""/>
      <l:template name="calloutlist" text=""/>
      <l:template name="caution" text=""/>
      <l:template name="chapter" text=""/>
      <l:template name="colophon" text=""/>
      <l:template name="dedication" text=""/>
      <l:template name="equation" text=""/>
      <l:template name="example" text=""/>
      <l:template name="figure" text=""/>
      <l:template name="formalpara" text=""/>
      <l:template name="glossary" text=""/>
      <l:template name="glossdiv" text=""/>
      <l:template name="glosslist" text="%t" lang="en"/>
      <l:template name="glossentry" text=""/>
      <l:template name="important" text=""/>
      <l:template name="index" text=""/>
      <l:template name="indexdiv" text=""/>
      <l:template name="itemizedlist" text=""/>
      <l:template name="legalnotice" text=""/>
      <l:template name="listitem" text=""/>
      <l:template name="lot" text=""/>
      <l:template name="msg" text=""/>
      <l:template name="msgexplan" text=""/>
      <l:template name="msgmain" text=""/>
      <l:template name="msgrel" text=""/>
      <l:template name="msgset" text=""/>
      <l:template name="msgsub" text=""/>
      <l:template name="note" text=""/>
      <l:template name="orderedlist" text=""/>
      <l:template name="part" text=""/>
      <l:template name="partintro" text=""/>
      <l:template name="preface" text=""/>
      <l:template name="procedure" text=""/>
      <l:template name="procedure.formal" text=""/>
      <l:template name="productionset" text=""/>
      <l:template name="productionset.formal" text="" lang="en"/>
      <l:template name="qandadiv" text=""/>
      <l:template name="qandaentry" text=""/>
      <l:template name="qandaset" text=""/>
      <l:template name="question" text=""/>
      <l:template name="refentry" text=""/>
      <l:template name="reference" text=""/>
      <l:template name="refsection" text=""/>
      <l:template name="refsect1" text=""/>
      <l:template name="refsect2" text=""/>
      <l:template name="refsect3" text=""/>
      <l:template name="refsynopsisdiv" text=""/>
      <l:template name="refsynopsisdivinfo" text=""/>
      <l:template name="segmentedlist" text=""/>
      <l:template name="set" text=""/>
      <l:template name="setindex" text=""/>
      <l:template name="sidebar" text=""/>
      <l:template name="step" text=""/>
      <l:template name="table" text=""/>
      <l:template name="task" text=""/>
      <l:template name="tip" text=""/>
      <l:template name="toc" text=""/>
      <l:template name="variablelist" text=""/>
      <l:template name="varlistentry" text=""/>
      <l:template name="warning" text=""/>
   </l:context>

   <l:context name="title-unnumbered">
      <l:template name="appendix" text=""/>
      <l:template name="article/appendix" text=""/>
      <l:template name="bridgehead" text=""/>
      <l:template name="chapter" text=""/>
      <l:template name="sect1" text=""/>
      <l:template name="sect2" text=""/>
      <l:template name="sect3" text=""/>
      <l:template name="sect4" text=""/>
      <l:template name="sect5" text=""/>
      <l:template name="section" text=""/>
      <l:template name="simplesect" text=""/>
   </l:context>

   <l:context name="title-numbered">
      <l:template name="appendix" text=""/>
      <l:template name="article/appendix" text=""/>
      <l:template name="bridgehead" text=""/>
      <l:template name="chapter" text=""/>
      <l:template name="sect1" text=""/>
      <l:template name="sect2" text=""/>
      <l:template name="sect3" text=""/>
      <l:template name="sect4" text=""/>
      <l:template name="sect5" text=""/>
      <l:template name="section" text=""/>
      <l:template name="simplesect" text=""/>
   </l:context>

   <l:context name="subtitle">
      <l:template name="appendix" text=""/>
      <l:template name="article" text=""/>
      <l:template name="bibliodiv" text=""/>
      <l:template name="biblioentry" text=""/>
      <l:template name="bibliography" text=""/>
      <l:template name="bibliomixed" text=""/>
      <l:template name="bibliomset" text=""/>
      <l:template name="biblioset" text=""/>
      <l:template name="book" text=""/>
      <l:template name="chapter" text=""/>
      <l:template name="colophon" text=""/>
      <l:template name="dedication" text=""/>
      <l:template name="glossary" text=""/>
      <l:template name="glossdiv" text=""/>
      <l:template name="index" text=""/>
      <l:template name="indexdiv" text=""/>
      <l:template name="lot" text=""/>
      <l:template name="part" text=""/>
      <l:template name="partintro" text=""/>
      <l:template name="preface" text=""/>
      <l:template name="refentry" text=""/>
      <l:template name="reference" text=""/>
      <l:template name="refsection" text=""/>
      <l:template name="refsect1" text=""/>
      <l:template name="refsect2" text=""/>
      <l:template name="refsect3" text=""/>
      <l:template name="refsynopsisdiv" text=""/>
      <l:template name="sect1" text=""/>
      <l:template name="sect2" text=""/>
      <l:template name="sect3" text=""/>
      <l:template name="sect4" text=""/>
      <l:template name="sect5" text=""/>
      <l:template name="section" text=""/>
      <l:template name="set" text=""/>
      <l:template name="setindex" text=""/>
      <l:template name="sidebar" text=""/>
      <l:template name="simplesect" text=""/>
      <l:template name="toc" text=""/>
   </l:context>

   <l:context name="xref">
      <l:template name="abstract" text=""/>
      <l:template name="answer" text=""/>
      <l:template name="appendix" text=""/>
      <l:template name="article" text=""/>
      <l:template name="authorblurb" text=""/>
      <l:template name="bibliodiv" text=""/>
      <l:template name="bibliography" text=""/>
      <l:template name="bibliomset" text=""/>
      <l:template name="biblioset" text=""/>
      <l:template name="blockquote" text=""/>
      <l:template name="book" text=""/>
      <l:template name="calloutlist" text=""/>
      <l:template name="caution" text=""/>
      <l:template name="chapter" text=""/>
      <l:template name="colophon" text=""/>
      <l:template name="constraintdef" text=""/>
      <l:template name="dedication" text=""/>
      <l:template name="equation" text=""/>
      <l:template name="example" text=""/>
      <l:template name="figure" text=""/>
      <l:template name="formalpara" text=""/>
      <l:template name="glossary" text=""/>
      <l:template name="glossdiv" text=""/>
      <l:template name="important" text=""/>
      <l:template name="index" text=""/>
      <l:template name="indexdiv" text=""/>
      <l:template name="itemizedlist" text=""/>
      <l:template name="legalnotice" text=""/>
      <l:template name="listitem" text=""/>
      <l:template name="lot" text=""/>
      <l:template name="msg" text=""/>
      <l:template name="msgexplan" text=""/>
      <l:template name="msgmain" text=""/>
      <l:template name="msgrel" text=""/>
      <l:template name="msgset" text=""/>
      <l:template name="msgsub" text=""/>
      <l:template name="note" text=""/>
      <l:template name="orderedlist" text=""/>
      <l:template name="part" text=""/>
      <l:template name="partintro" text=""/>
      <l:template name="preface" text=""/>
      <l:template name="procedure" text=""/>
      <l:template name="productionset" text=""/>
      <l:template name="qandadiv" text=""/>
      <l:template name="qandaentry" text=""/>
      <l:template name="qandaset" text=""/>
      <l:template name="question" text=""/>
      <l:template name="reference" text=""/>
      <l:template name="refsynopsisdiv" text=""/>
      <l:template name="segmentedlist" text=""/>
      <l:template name="set" text=""/>
      <l:template name="setindex" text=""/>
      <l:template name="sidebar" text=""/>
      <l:template name="table" text=""/>
      <l:template name="tip" text=""/>
      <l:template name="toc" text=""/>
      <l:template name="variablelist" text=""/>
      <l:template name="varlistentry" text=""/>
      <l:template name="warning" text=""/>
      <l:template name="page.citation" text=""/>
      <l:template name="page" text=""/>
      <l:template name="pageabbrev" text=""/>
      <l:template name="Page" text=""/>
      <l:template name="bridgehead" text=""/>
      <l:template name="refsection" text=""/>
      <l:template name="refsect1" text=""/>
      <l:template name="refsect2" text=""/>
      <l:template name="refsect3" text=""/>
      <l:template name="sect1" text=""/>
      <l:template name="sect2" text=""/>
      <l:template name="sect3" text=""/>
      <l:template name="sect4" text=""/>
      <l:template name="sect5" text=""/>
      <l:template name="section" text=""/>
      <l:template name="simplesect" text=""/>
   </l:context>

   <l:context name="xref-number">
      <l:template name="answer" text=""/>
      <l:template name="appendix" text=""/>
      <l:template name="bridgehead" text=""/>
      <l:template name="chapter" text=""/>
      <l:template name="equation" text=""/>
      <l:template name="example" text=""/>
      <l:template name="figure" text=""/>
      <l:template name="part" text=""/>
      <l:template name="procedure" text=""/>
      <l:template name="productionset" text="" lang="en"/>
      <l:template name="qandadiv" text=""/>
      <l:template name="qandaentry" text=""/>
      <l:template name="question" text=""/>
      <l:template name="sect1" text=""/>
      <l:template name="sect2" text=""/>
      <l:template name="sect3" text=""/>
      <l:template name="sect4" text=""/>
      <l:template name="sect5" text=""/>
      <l:template name="section" text=""/>
      <l:template name="table" text=""/>
   </l:context>

   <l:context name="xref-number-and-title">
      <l:template name="appendix" text=""/>
      <l:template name="bridgehead" text=""/>
      <l:template name="chapter" text=""/>
      <l:template name="equation" text=""/>
      <l:template name="example" text=""/>
      <l:template name="figure" text=""/>
      <l:template name="part" text=""/>
      <l:template name="procedure" text=""/>
      <l:template name="productionset" text="" lang="en"/>
      <l:template name="qandadiv" text=""/>
      <l:template name="refsect1" text=""/>
      <l:template name="refsect2" text=""/>
      <l:template name="refsect3" text=""/>
      <l:template name="refsection" text=""/>
      <l:template name="sect1" text=""/>
      <l:template name="sect2" text=""/>
      <l:template name="sect3" text=""/>
      <l:template name="sect4" text=""/>
      <l:template name="sect5" text=""/>
      <l:template name="section" text=""/>
      <l:template name="simplesect" text=""/>
      <l:template name="table" text=""/>
   </l:context>

   <l:context name="authorgroup">
      <l:template name="sep" text=""/>
      <l:template name="sep2" text=""/>
      <l:template name="seplast" text=""/>
   </l:context>

   <l:context name="glossary">
      <l:template name="see" text=""/>
      <l:template name="seealso" text=""/>
   </l:context>

   <l:context name="msgset">
      <l:template name="MsgAud" text=""/>
      <l:template name="MsgLevel" text=""/>
      <l:template name="MsgOrig" text=""/>
   </l:context>

   <l:context name="datetime">
      <l:template name="format" text=""/>
   </l:context>

   <l:context name="datetime-full">
      <l:template name="January" text=""/>
      <l:template name="February" text=""/>
      <l:template name="March" text=""/>
      <l:template name="April" text=""/>
      <l:template name="May" text=""/>
      <l:template name="June" text=""/>
      <l:template name="July" text=""/>
      <l:template name="August" text=""/>
      <l:template name="September" text=""/>
      <l:template name="October" text=""/>
      <l:template name="November" text=""/>
      <l:template name="December" text=""/>
      <l:template name="Monday" text=""/>
      <l:template name="Tuesday" text=""/>
      <l:template name="Wednesday" text=""/>
      <l:template name="Thursday" text=""/>
      <l:template name="Friday" text=""/>
      <l:template name="Saturday" text=""/>
      <l:template name="Sunday" text=""/>
   </l:context>

   <l:context name="datetime-abbrev">
      <l:template name="Jan" text=""/>
      <l:template name="Feb" text=""/>
      <l:template name="Mar" text=""/>
      <l:template name="Apr" text=""/>
      <l:template name="May" text=""/>
      <l:template name="Jun" text=""/>
      <l:template name="Jul" text=""/>
      <l:template name="Aug" text=""/>
      <l:template name="Sep" text=""/>
      <l:template name="Oct" text=""/>
      <l:template name="Nov" text=""/>
      <l:template name="Dec" text=""/>
      <l:template name="Mon" text=""/>
      <l:template name="Tue" text=""/>
      <l:template name="Wed" text=""/>
      <l:template name="Thu" text=""/>
      <l:template name="Fri" text=""/>
      <l:template name="Sat" text=""/>
      <l:template name="Sun" text=""/>
   </l:context>

   <l:context name="htmlhelp">
      <l:template name="langcode" text=""/>
   </l:context>
</l:l10n>
